{
  "aggregate": {
    "cumulative_return": 0.247741627593703,
    "annualized_return": 2.847325177472074,
    "annualized_volatility": 0.45008391368789674,
    "downside_volatility_annualized": 0.25590341864708677,
    "sharpe": 3.2175968857070063,
    "sortino": 5.659121736807184,
    "max_drawdown": -0.10178077500059246,
    "calmar": 27.975078569164953,
    "var_95": -0.006490448278669092,
    "cvar_95": -0.010630788531284083,
    "ulcer_index": 0.036585471794264184,
    "time_under_water_ratio": 0.9631944444444445,
    "benchmark_cumulative_return": -0.16869390838627496,
    "benchmark_annualized_return": -0.6752532138512151,
    "excess_cumulative_return": 0.41643553597997796,
    "tracking_error_annualized": 0.9419623547082038,
    "information_ratio": 2.521011442493749,
    "turnover_mean": 0.025,
    "turnover_annualized": 219.15,
    "hit_rate": 0.49142156862745096,
    "avg_holding_bars": 45.333333333333336,
    "profit_factor": 1.1510179263797011,
    "regimes": {
      "high_vol": {
        "cumulative_return": 0.15799045257990185,
        "annualized_return": 18.61915025782011,
        "annualized_volatility": 0.6565125662307371,
        "sharpe": 4.860139157301432,
        "sortino": 9.06127301786493,
        "max_drawdown": -0.1008188780117315,
        "calmar": 184.67920517478427,
        "cvar_95": -0.014723322474124808
      },
      "low_vol": {
        "cumulative_return": 0.07750597149902716,
        "annualized_return": 0.9139715627182678,
        "annualized_volatility": 0.3232081366228566,
        "sharpe": 2.1700561793642357,
        "sortino": 3.533824368061762,
        "max_drawdown": -0.11245757406776502,
        "calmar": 8.127256614725871,
        "cvar_95": -0.008239756005814312
      }
    },
    "diagnostics": {
      "total_bars": 1440,
      "fraction_long": 0.05,
      "fraction_short": 0.5166666666666667,
      "fraction_flat": 0.43333333333333335,
      "flip_count": 31
    }
  },
  "per_window": [
    {
      "cumulative_return": 0.004603739893840109,
      "annualized_return": 0.08750149662900597,
      "annualized_volatility": 0.5616568092438221,
      "downside_volatility_annualized": 0.3398994201553309,
      "sharpe": 0.4290769296449705,
      "sortino": 0.7090155644113721,
      "max_drawdown": -0.10178077500059246,
      "calmar": 0.8597055448683372,
      "var_95": -0.008007917103618699,
      "cvar_95": -0.014363694415695807,
      "ulcer_index": 0.049293673051506316,
      "time_under_water_ratio": 0.98125,
      "benchmark_cumulative_return": -0.12377490720600326,
      "benchmark_annualized_return": -0.9104596130219615,
      "excess_cumulative_return": 0.12837864709984337,
      "tracking_error_annualized": 1.2379693756910006,
      "information_ratio": 1.8885403115513881,
      "turnover_mean": 0.022916666666666665,
      "turnover_annualized": 200.8875,
      "hit_rate": 0.4564459930313589,
      "avg_holding_bars": 47.833333333333336,
      "profit_factor": 1.017998844116162,
      "regimes": {
        "high_vol": {
          "cumulative_return": 0.021262839973500203,
          "annualized_return": 2.5995410178623617,
          "annualized_volatility": 0.8412915670283486,
          "sharpe": 1.9407248738744938,
          "sortino": 3.4112081733023603,
          "max_drawdown": -0.08390062487138128,
          "calmar": 30.983571598512277,
          "cvar_95": -0.019865258716719875
        },
        "low_vol": {
          "cumulative_return": -0.01631225520757429,
          "annualized_return": -0.34889499151567716,
          "annualized_volatility": 0.3836520489825904,
          "sharpe": -0.9265116381558661,
          "sortino": -1.4139867000149362,
          "max_drawdown": -0.07161906499259119,
          "calmar": -4.8715379285078555,
          "cvar_95": -0.010324624635349097
        }
      },
      "diagnostics": {
        "total_bars": 480,
        "fraction_long": 0.05,
        "fraction_short": 0.55,
        "fraction_flat": 0.4,
        "flip_count": 10
      },
      "window_idx": 0,
      "window_start": "2025-02-24",
      "window_end": "2025-03-15"
    },
    {
      "cumulative_return": 0.04053190327697331,
      "annualized_return": 1.0659830345871582,
      "annualized_volatility": 0.38580593579828854,
      "downside_volatility_annualized": 0.18311257977276935,
      "sharpe": 2.0712717044151727,
      "sortino": 4.364030691971318,
      "max_drawdown": -0.07686268068965818,
      "calmar": 13.868668449012153,
      "var_95": -0.004720301495243989,
      "cvar_95": -0.0076858763200537234,
      "ulcer_index": 0.03199000666408881,
      "time_under_water_ratio": 0.975,
      "benchmark_cumulative_return": 0.2401226151812108,
      "benchmark_annualized_return": 49.92109794487256,
      "excess_cumulative_return": -0.1995907119042375,
      "tracking_error_annualized": 0.6156750028684987,
      "information_ratio": -5.278846621927094,
      "turnover_mean": 0.035416666666666666,
      "turnover_annualized": 310.4625,
      "hit_rate": 0.45993031358885017,
      "avg_holding_bars": 31.88888888888889,
      "profit_factor": 1.1030093569463193,
      "regimes": {
        "high_vol": {
          "cumulative_return": 0.1079202885970183,
          "annualized_return": 511.219224266986,
          "annualized_volatility": 0.5883302169085294,
          "sharpe": 10.896822580395716,
          "sortino": 30.385418256433997,
          "max_drawdown": -0.024360765921507266,
          "calmar": 20985.351031826485,
          "cvar_95": -0.00838918753019366
        },
        "low_vol": {
          "cumulative_return": -0.06082421814423,
          "annualized_return": -0.8054703980841507,
          "annualized_volatility": 0.2491895741882402,
          "sharpe": -6.444720898302174,
          "sortino": -9.461892610253024,
          "max_drawdown": -0.05917126181426857,
          "calmar": -13.612526983325532,
          "cvar_95": -0.007135591588712484
        }
      },
      "diagnostics": {
        "total_bars": 480,
        "fraction_long": 0.1,
        "fraction_short": 0.5,
        "fraction_flat": 0.4,
        "flip_count": 13
      },
      "window_idx": 1,
      "window_start": "2025-04-09",
      "window_end": "2025-04-28"
    },
    {
      "cumulative_return": 0.18428646273059668,
      "annualized_return": 20.953520325577987,
      "annualized_volatility": 0.3770677246709676,
      "downside_volatility_annualized": 0.21195756487483453,
      "sharpe": 8.381454564736817,
      "sortino": 14.91041852657949,
      "max_drawdown": -0.04127023915146033,
      "calmar": 507.7150207121239,
      "var_95": -0.0065251062431891495,
      "cvar_95": -0.009094995901018171,
      "ulcer_index": 0.01600736566493633,
      "time_under_water_ratio": 0.8854166666666666,
      "benchmark_cumulative_return": -0.2349661538383705,
      "benchmark_annualized_return": -0.9924886524174054,
      "excess_cumulative_return": 0.4192526165689672,
      "tracking_error_annualized": 0.8608304099068769,
      "information_ratio": 9.168014366472123,
      "turnover_mean": 0.016666666666666666,
      "turnover_annualized": 146.1,
      "hit_rate": 0.5666666666666667,
      "avg_holding_bars": 60.0,
      "profit_factor": 1.4146661465946577,
      "regimes": {
        "high_vol": {
          "cumulative_return": 0.031597957812297794,
          "annualized_return": 5.644313074125835,
          "annualized_volatility": 0.4003048376341185,
          "sharpe": 4.93081693530871,
          "sortino": 8.662654864495346,
          "max_drawdown": -0.033538186042155194,
          "calmar": 168.29512088194994,
          "cvar_95": -0.009554509159656582
        },
        "low_vol": {
          "cumulative_return": 0.14801163938139483,
          "annualized_return": 35.64003844602351,
          "annualized_volatility": 0.36652430825896215,
          "sharpe": 10.009965749222252,
          "sortino": 17.917681927850413,
          "max_drawdown": -0.02321177423904297,
          "calmar": 1535.4293075139335,