{
  "agent": {
    "cumulative_return": 0.247741627593703,
    "annualized_return": 2.847325177472074,
    "annualized_volatility": 0.45008391368789674,
    "downside_volatility_annualized": 0.25590341864708677,
    "sharpe": 3.2175968857070063,
    "sortino": 5.659121736807184,
    "max_drawdown": -0.10178077500059246,
    "calmar": 27.975078569164953,
    "var_95": -0.006490448278669092,
    "cvar_95": -0.010630788531284083,
    "ulcer_index": 0.036585471794264184,
    "time_under_water_ratio": 0.9631944444444445,
    "benchmark_cumulative_return": -0.16869390838627496,
    "benchmark_annualized_return": -0.6752532138512151,
    "excess_cumulative_return": 0.41643553597997796,
    "tracking_error_annualized": 0.9419623547082038,
    "information_ratio": 2.521011442493749,
    "turnover_mean": 0.025,
    "turnover_annualized": 219.15,
    "hit_rate": 0.49142156862745096,
    "avg_holding_bars": 45.333333333333336,
    "profit_factor": 1.1510179263797011,
    "regimes": {
      "high_vol": {
        "cumulative_return": 0.15799045257990185,
        "annualized_return": 18.61915025782011,
        "annualized_volatility": 0.6565125662307371,
        "sharpe": 4.860139157301432,
        "sortino": 9.06127301786493,
        "max_drawdown": -0.1008188780117315,
        "calmar": 184.67920517478427,
        "cvar_95": -0.014723322474124808
      },
      "low_vol": {
        "cumulative_return": 0.07750597149902716,
        "annualized_return": 0.9139715627182678,
        "annualized_volatility": 0.3232081366228566,
        "sharpe": 2.1700561793642357,
        "sortino": 3.533824368061762,
        "max_drawdown": -0.11245757406776502,
        "calmar": 8.127256614725871,
        "cvar_95": -0.008239756005814312
      }
    },
    "diagnostics": {
      "total_bars": 1440,
      "fraction_long": 0.05,
      "fraction_short": 0.5166666666666667,
      "fraction_flat": 0.43333333333333335,
      "flip_count": 31
    }
  },
  "forecast": {
    "arima_garch": {
      "cumulative_return": -0.10418967363010656,
      "annualized_return": -0.4881823102028041,
      "annualized_volatility": 0.6289225093684258,
      "downside_volatility_annualized": 0.40588805524571475,
      "sharpe": -0.7496389112665016,
      "sortino": -1.161563586562136,
      "max_drawdown": -0.30750147549969,
      "calmar": -1.5875771308398041,
      "var_95": -0.010088925969795754,
      "cvar_95": -0.016133833742713738,
      "ulcer_index": 0.20012155191525222,
      "time_under_water_ratio": 0.9993055555555556,
      "benchmark_cumulative_return": -0.1686939083862451,
      "benchmark_annualized_return": -0.675253213851144,
      "excess_cumulative_return": 0.06450423475613853,
      "tracking_error_annualized": 0.8619638920445958,
      "information_ratio": 0.5279159540609404,
      "turnover_mean": 0.0,
      "turnover_annualized": 0.0,
      "hit_rate": 0.4965277777777778,
      "avg_holding_bars": 720.0,
      "profit_factor": 0.9759497808247408,
      "regimes": {
        "high_vol": {
          "cumulative_return": -0.010151661435513715,
          "annualized_return": -0.18701844066766105,
          "annualized_volatility": 0.912557250673649,
          "sharpe": 0.23147584795340295,
          "sortino": 0.35430473552081637,
          "max_drawdown": -0.15657272882285755,
          "calmar": -1.1944509243320975,
          "cvar_95": -0.023645083869615446
        },
        "low_vol": {
          "cumulative_return": -0.09500244485025555,
          "annualized_return": -0.5802533269661219,
          "annualized_volatility": 0.456215042298628,
          "sharpe": -1.67475931500856,
          "sortino": -2.765653370946247,
          "max_drawdown": -0.2608106362706849,
          "calmar": -2.2248069912451736,
          "cvar_95": -0.011235982153723402
        }
      }
    },
    "buy_and_hold": {
      "cumulative_return": -0.1686939083862451,
      "annualized_return": -0.675253213851144,
      "annualized_volatility": 0.62886481355587,
      "downside_volatility_annualized": 0.4137783287972565,
      "sharpe": -1.4733043663070733,
      "sortino": -2.2391440323176486,
      "max_drawdown": -0.2626316232584288,
      "calmar": -2.5711039876820037,
      "var_95": -0.011058071089181144,
      "cvar_95": -0.016938547484437048,
      "ulcer_index": 0.10426925510956243,
      "time_under_water_ratio": 0.9854166666666667,
      "benchmark_cumulative_return": -0.1686939083862451,
      "benchmark_annualized_return": -0.675253213851144,
      "excess_cumulative_return": 0.0,
      "tracking_error_annualized": 0.0,
      "information_ratio": 0.0,
      "turnover_mean": 0.0,
      "turnover_annualized": 0.0,
      "hit_rate": 0.5118055555555555,
      "avg_holding_bars": 1440.0,
      "profit_factor": 0.9532794413983745,
      "regimes": {
        "high_vol": {
          "cumulative_return": 0.002884810734374188,
          "annualized_return": 0.06019552099107339,
          "annualized_volatility": 0.9125458785191489,
          "sharpe": 0.5216010910157197,
          "sortino": 0.8003035607097233,
          "max_drawdown": -0.15129114771746266,
          "calmar": 0.39787867234300434,
          "cvar_95": -0.024247734050135864
        },
        "low_vol": {
          "cumulative_return": -0.1710851707834503,
          "annualized_return": -0.8044187371249754,
          "annualized_volatility": 0.4559962297599518,
          "sharpe": -3.3499799327692523,
          "sortino": -5.185562545815445,
          "max_drawdown": -0.19546168349995563,
          "calmar": -4.115480449779089,
          "cvar_95": -0.012214260379608908
        }
      }
    },
    "lstm": {
      "cumulative_return": 0.1427475082982126,
      "annualized_return": 1.2530578753773218,
      "annualized_volatility": 0.6288501476604222,
      "downside_volatility_annualized": 0.38542281733984235,
      "sharpe": 1.6061161093744318,
      "sortino": 2.620515203305497,
      "max_drawdown": -0.1562396194115997,
      "calmar": 8.020103224114044,
      "var_95": -0.010094310387790939,
      "cvar_95": -0.015626686437136786,
      "ulcer_index": 0.06479365251961187,
      "time_under_water_ratio": 0.9465277777777777,
      "benchmark_cumulative_return": -0.1686939083862451,
      "benchmark_annualized_return": -0.675253213851144,
      "excess_cumulative_return": 0.3114414166844577,
      "tracking_error_annualized": 0.6891530681733706,
      "information_ratio": 2.8099934798251103,
      "turnover_mean": 0.1375,
      "turnover_annualized": 1205.325,
      "hit_rate": 0.5138888888888888,
      "avg_holding_bars": 14.4,
      "profit_factor": 1.0535454155539024,
      "regimes": {
        "high_vol": {
          "cumulative_return": 0.2142905241639994,
          "annualized_return": 50.4098353328217,
          "annualized_volatility": 0.9113733260735499,
          "sharpe": 4.779493250451224,
          "sortino": 8.067934763385255,
          "max_drawdown": -0.13211368955981628,
          "calmar": 381.5640566907183,
          "cvar_95": -0.021397684585037248
        },
        "low_vol": {
          "cumulative_return": -0.0589175443949419,
          "annualized_return": -0.41026761571084347,
          "annualized_volatility": 0.456265554853242,
          "sharpe": -0.9291720655920719,
          "sortino": -1.4778582863146723,
          "max_drawdown": -0.15722889221477288,
          "calmar": -2.6093653013240248,
          "cvar_95": -0.011872486399126143
        }
      }
    },
    "macd": {
      "cumulative_return": 0.22688939427585098,
      "annualized_return": 2.4721857240643175,
      "annualized_volatility": 0.6287541432760966,
      "downside_volatility_annualized": 0.3498259661967466,
      "sharpe": 2.2929369456460793,
      "sortino": 4.121173795415126,
      "max_drawdown": -0.11875480191392807,
      "calmar": 20.817564293999038,
      "var_95": -0.00925399798499576,
      "cvar_95": -0.0142607240445183,
      "ulcer_index": 0.049990137814709255,
      "time_under_water_ratio": 0.9659722222222222,